{"epoch/loss": 7.79586124420166, "epoch/epoch": 3, "epoch/learning_rate": 0.0010000000474974513, "_timestamp": 1670964310.556557, "_runtime": 9495.291482925415, "_step": 3}